{"max": [0.158419, 0.345242, 0.0336774], "centroid": [0.032434258387096786, 0.13266090330322586, -0.27722888270967727], "id": "1a5ebc8575a4e5edcc901650bbbbb0b5", "numVertices": 155, "min": [-0.108315, -0.1016, -0.449399]}
